uid,split,qc_flags,n_components,n_gingiva_instances
high/IMG_7307_jpg,holdout,zenith_detection_failed,1,1
high/IMG_6921_jpg,dev,,1,1
high/IMG_2843_jpg,holdout,,1,1
high/IMG_8575_jpg,holdout,,1,1
high/IMG_6842_jpg,dev,,1,1
high/IMG_7304_jpg,dev,,1,1
high/IMG_6573-_jpg,holdout,,1,1
high/IMG_2695_jpg,dev,,1,1
high/IMG_8568_jpg,dev,,1,1
high/IMG_6460-_jpg,dev,frame_uncertain,1,1
high/IMG_6706_jpg,holdout,zenith_detection_failed,1,1
high/IMG_3079_jpg,dev,,1,1
high/IMG_2665_jpg,holdout,gingiva_multi_component,2,1
high/IMG_6758_jpg,dev,frame_uncertain,1,1
high/IMG_2574_jpeg,dev,,1,1
high/IMG_6768_jpg,holdout,frame_uncertain,1,1
high/IMG_3068_jpg,holdout,,1,1
high/IMG_6849-_jpg,dev,,1,1
high/IMG_3110_jpg,holdout,zenith_detection_failed,1,1
high/IMG_8584_jpg,dev,,1,1
high/111 (1)_jpg,dev,,1,1
high/IMG_2848_jpg,holdout,,1,1
high/IMG_3098_jpg,holdout,,1,1
high/IMG_6855-_jpg,dev,zenith_detection_failed,1,1
high/IMG_3105_jpg,holdout,"gingiva_multi_component,zenith_detection_failed",2,1
high/IMG_6591-_jpg,holdout,gingiva_multi_component,2,1
high/IMG_6933_jpg,holdout,lip_gingiva_boundary_mismatch,1,1
high/IMG_6519-_jpg,dev,zenith_detection_failed,1,1
high/IMG_6745_jpg,dev,,1,1
high/IMG_3811-_jpg,holdout,,1,1
high/IMG_6918_jpg,dev,,1,1
high/IMG_8648_jpg,holdout,,1,1
high/IMG_6847_jpg,holdout,"zenith_detection_failed,frame_uncertain",1,1
high/IMG_2718-_jpg,holdout,zenith_detection_failed,1,1
high/IMG_6474-_jpg,holdout,zenith_detection_failed,1,1
high/IMG_6857-_jpg,holdout,,1,1
high/IMG_6724_jpg,dev,,1,1
high/IMG_7382_jpg,holdout,,1,1
high/IMG_6586-_jpg,dev,,1,1
high/IMG_3853-_jpg,dev,zenith_detection_failed,1,1
high/IMG_7311_jpg,dev,,1,1
high/IMG_7347_jpg,holdout,,1,1
high/IMG_8645_jpg,dev,,1,1
high/IMG_2648_jpg,dev,,1,1
high/IMG_7337_jpg,dev,,1,1
high/IMG_2855_jpg,dev,,1,1
high/IMG_8630_jpg,dev,zenith_detection_failed,1,1
high/IMG_2686_jpg,holdout,,1,1
high/IMG_8564_jpg,dev,frame_uncertain,1,1
high/IMG_8594_jpg,dev,frame_uncertain,1,1
high/gg_jpg,holdout,frame_uncertain,1,1
high/IMG_3129_jpg,dev,,1,1
high/IMG_8601_jpg,dev,,1,1
high/IMG_3059_jpg,holdout,zenith_detection_failed,1,1
high/IMG_2632-_jpg,holdout,frame_uncertain,1,1
high/IMG_8649_jpg,dev,,1,1
high/IMG_6551-_jpg,holdout,,1,1
high/IMG_2892_jpg,dev,zenith_detection_failed,1,1
high/gummy19_JPG,holdout,zenith_detection_failed,1,1
high/IMG_6803_jpg,holdout,,1,1
high/IMG_6436-_jpg,dev,zenith_detection_failed,1,1
high/IMG_7375_jpg,holdout,zenith_detection_failed,1,1
high/IMG_2796_jpg,dev,,1,1
high/IMG_8581_jpg,dev,,1,1
high/IMG_6876-_jpg,dev,frame_uncertain,1,1
high/IMG_6896_jpg,dev,zenith_detection_failed,1,1
high/IMG_3117_jpg,dev,,1,1
high/IMG_2550_jpeg,dev,,1,1
high/IMG_6806_jpg,dev,,1,1
high/IMG_6946_jpg,dev,,1,1
high/IMG_2749-_jpg,dev,frame_uncertain,1,1
high/IMG_2616_jpg,dev,,1,1
high/gummy21_JPG,dev,zenith_detection_failed,1,1
high/IMG_3172_jpg,holdout,,1,1
high/IMG_6942_jpg,dev,,1,1
high/IMG_2522-_jpg,dev,,1,1
high/IMG_3827-_jpg,dev,,1,1
high/IMG_2918_jpg,dev,zenith_detection_failed,1,1
high/IMG_8607_jpg,dev,frame_uncertain,1,1
high/IMG_6773_jpg,dev,zenith_detection_failed,1,1
high/IMG_8552_jpg,dev,,1,1
high/IMG_8587_jpg,dev,,1,1
high/IMG_6905_jpg,dev,,1,1
high/IMG_2641_jpg,dev,,1,1
high/IMG_8611_jpg,holdout,zenith_detection_failed,1,1
high/IMG_6791_jpg,dev,,1,1
high/IMG_7322_jpg,holdout,,1,1
high/IMG_6900_jpg,dev,,1,1
high/IMG_7323_jpg,holdout,,1,1
high/IMG_7024_jpg,dev,,1,1
high/IMG_8577_jpg,holdout,,1,1
high/IMG_7350_jpg,holdout,,1,1
high/IMG_8560_jpg,dev,,1,1
high/IMG_2969_jpg,holdout,,1,1
high/IMG_6868-_jpg,holdout,,1,1
high/IMG_2675_jpg,dev,,1,1
high/IMG_3684-_jpg,holdout,,1,1
high/IMG_3858-_jpg,dev,,1,1
high/IMG_8606_jpg,dev,frame_uncertain,1,1
high/IMG_7276_jpg,dev,frame_uncertain,1,1
high/IMG_3570_jpg,dev,"festoon_detection_failed,zenith_detection_failed",1,1
high/IMG_8633_jpg,holdout,,1,1
high/IMG_8593_jpg,dev,,1,1
high/IMG_7309_jpg,dev,,1,1
high/IMG_3693-_jpg,dev,,1,1
high/IMG_7289_jpg,holdout,frame_uncertain,1,1
high/IMG_3800-_jpg,holdout,zenith_detection_failed,1,1
high/IMG_3595-_jpg,holdout,,1,1
high/IMG_3792-_jpg,holdout,,1,1
high/IMG_3552_jpg,holdout,,1,1
high/IMG_6907_jpg,dev,,1,1
high/IMG_2739-_jpg,holdout,,1,1
high/gummy30_JPG,dev,"festoon_detection_failed,zenith_detection_failed",1,1
high/IMG_3866-_jpg,dev,,1,1
high/IMG_6488-_jpg,holdout,,1,1
high/IMG_2761-_jpg,dev,frame_uncertain,1,1
high/IMG_6931_jpg,dev,,1,1
high/IMG_6703_jpg,dev,,1,1
high/IMG_8579_jpg,dev,zenith_detection_failed,1,1
high/IMG_6617-_jpg,dev,frame_uncertain,1,1
high/IMG_7280_jpg,holdout,,1,1
high/IMG_2862_jpg,dev,,1,1
high/IMG_2773_jpg,holdout,frame_uncertain,1,1
high/IMG_8609_jpg,holdout,frame_uncertain,1,1
high/IMG_7314_jpg,dev,frame_uncertain,1,1
high/IMG_6545-_jpg,holdout,frame_uncertain,1,1
high/IMG_7036_jpg,holdout,frame_uncertain,1,1
high/IMG_2736-_jpg,holdout,frame_uncertain,1,1
high/IMG_2947_jpg,dev,,1,1
high/IMG_2821_jpg,dev,,1,1
high/IMG_7278_jpg,holdout,,1,1
high/IMG_3785-_jpg,dev,,1,1
high/IMG_7352_jpg,holdout,,1,1
high/IMG_6748_jpg,dev,,1,1
high/IMG_3160_jpg,dev,,1,1
high/IMG_6726_jpg,holdout,,1,1
high/IMG_7291_jpg,dev,,1,1
high/gummy15_JPG,holdout,,1,1
high/IMG_2910_jpg,dev,zenith_detection_failed,1,1
high/IMG_2711-_jpg,dev,zenith_detection_failed,1,1
high/IMG_2456_jpeg,holdout,,1,1
high/IMG_6399-_jpg,dev,,1,1
high/IMG_6764_jpg,dev,,1,1
high/IMG_8554_jpg,dev,,1,1
high/IMG_7285_jpg,dev,,1,1
