candidate,subset,correction,px_per_mm,scale_source,mae_oof_scale,n,n_segmentation_failure,mae,rmse,median_abs_err,r,r_p,icc2_1,icc2_1_ci_low,icc2_1_ci_high,icc3_1,ba_bias,ba_bias_ci_low,ba_bias_ci_high,ba_sd,ba_loa_low,ba_loa_high,ba_prop_slope,ba_prop_p,threshold_agreement,threshold_kappa_linear,threshold_kappa_linear_ci_low,threshold_kappa_linear_ci_high,within_0_5_mm,within_1_mm
C_p25,dev,none,16.839653402722718,"GT masks, dev",0.6625966959734706,87,0,0.8935315480043183,1.048798077160528,0.8664212685096044,0.8719212598320982,4.304393123108879e-28,0.7786819011546701,0.32453934112302096,0.9045263338340095,0.8608217801867701,0.6938606488073324,0.5252694678498733,0.8624518297647916,0.7910291220216769,-0.856556430355154,2.244277727969819,-0.17094891118319874,0.003206591716610525,0.6091954022988506,0.5824703207880779,0.46516335143509635,0.685336136154105,0.22988505747126436,0.6206896551724138
C_p25,holdout,none,16.839653402722718,"GT masks, dev",0.5005839508204587,57,0,0.7570151434795414,0.9173148946909676,0.6838310838420845,0.8940360015096034,7.880740699867082e-21,0.7967538404170244,0.19127567036486745,0.9257654505416464,0.8920048210023318,0.6701512610852507,0.5024703407631022,0.8378321814073992,0.6319575947488447,-0.568485624622485,1.9087881467929864,0.07121520028095314,0.26851492030154567,0.6491228070175439,0.6110421836228288,0.4624349664130678,0.7466946902654866,0.2982456140350877,0.7368421052631579
C_p25_lipanchored,dev,none,19.015010736124648,"GT masks, dev",0.666520516893057,87,0,0.7356638439917065,0.9037836074686812,0.6604225344546619,0.8733440866046599,2.7609394195519843e-28,0.815318278538661,0.639002214361745,0.8967634560392942,0.8502162475365881,0.4345613195075336,0.2646876274217149,0.6044350115933523,0.7970466589182551,-1.1276501319722465,1.9967727709873135,-0.2471171547832977,2.6406626007319158e-05,0.6666666666666666,0.6264090177133655,0.507262571558906,0.7342172389510891,0.3333333333333333,0.7816091954022989
C_p25_lipanchored,holdout,none,19.015010736124648,"GT masks, dev",0.5008430272415014,57,0,0.5785117395808752,0.7402013523308331,0.5190795288381251,0.8878580804083107,3.4450389760918954e-20,0.8467158432790033,0.6049490752911524,0.9283018072676972,0.8877972392081056,0.41486128339645756,0.2507604938205598,0.5789620729723552,0.6184647607940911,-0.797329647759961,1.627052214552876,-0.012402502328042252,0.8510207576646792,0.7368421052631579,0.6925151719487526,0.5573066610561803,0.8185442448242026,0.45614035087719296,0.8947368421052632
C_p10,dev,none,16.04014185106817,"GT masks, dev",0.6586223504316955,87,0,0.9212006138070494,1.0646451900565765,0.9310715657832656,0.8686425096099675,1.1740812636398138e-27,0.7814431131261133,0.32424524383046316,0.9062725194320073,0.8633605537228491,0.7067144385360024,0.5360253896792931,0.8774034873927116,0.8008723095065544,-0.8629952880968442,2.276424165168849,-0.11818537347790027,0.04230365007008283,0.6206896551724138,0.594124322279662,0.47505573531081685,0.6988327608574584,0.1724137931034483,0.6091954022988506
C_p10,holdout,none,16.04014185106817,"GT masks, dev",0.5262132874431221,57,0,0.8248130515835846,0.9870967159049192,0.7847777001351459,0.8930812465183228,9.956732748341884e-21,0.7769718003854867,0.1069697741317392,0.9209181169568441,0.8888830120038091,0.7466439468730218,0.5738032197231346,0.919484674022909,0.6514039283326644,-0.5301077526590002,2.023395646405044,0.1025455472090658,0.11443880164091974,0.5964912280701754,0.5568181818181818,0.4079529694535442,0.6974229864623028,0.2982456140350877,0.7017543859649122
C_p10_lipanchored,dev,none,18.1831074949285,"GT masks, dev",0.6613617365534034,87,0,0.7485363044043092,0.9080015865082562,0.6853472540886689,0.8707783332308668,6.125888584027168e-28,0.8204951438337059,0.6402784653802159,0.9010670751849259,0.855975835767755,0.4446021482896886,0.2748888696137797,0.6143154269655975,0.7962939998640814,-1.1161340914439108,2.0053383880232882,-0.1978485255361966,0.0007378383745865796,0.6781609195402298,0.6497584541062802,0.531114202593706,0.7518959178920752,0.3563218390804598,0.7586206896551724
C_p10_lipanchored,holdout,none,18.1831074949285,"GT masks, dev",0.5233736810022633,57,0,0.6283312407341562,0.7894949756282259,0.5462774459572772,0.8849567804113068,6.687190249566474e-20,0.8325669088195524,0.5182303657506712,0.9260756310661264,0.8848523104383537,0.476495353402505,0.307985140797738,0.645005566007272,0.635083040120092,-0.7682674052328753,1.7212581120378851,0.01630382706817205,0.8075757920739863,0.6842105263157895,0.6426921807984163,0.5017096478104807,0.7706429082516488,0.47368421052631576,0.8771929824561403
C_p05,dev,none,15.704417972414632,"GT masks, dev",0.6649934804495471,87,0,0.9385451649041722,1.082044019622479,0.9170693205926006,0.8640862364540846,4.53126277814368e-27,0.7795241199706178,0.3285505940099667,0.904732297873321,0.8610408788223282,0.7144429712680758,0.5402409499347415,0.88864499260141,0.8173551618010183,-0.88757314586192,2.3164590883980716,-0.090146048977053,0.12681753522636544,0.5977011494252874,0.5806697108066972,0.4562464590388122,0.685379140281101,0.19540229885057472,0.5862068965517241
C_p05,holdout,none,15.704417972414632,"GT masks, dev",0.5465889256741377,57,0,0.8716757402966091,1.0322923737512164,0.8293758207860891,0.8910812749073237,1.6134762178085773e-20,0.7630902149798041,0.0663808644658743,0.9168884372875011,0.8856663045924036,0.7939146900655375,0.6172918220209921,0.9705375581100829,0.6656581002336625,-0.5107751863924409,2.098604566523516,0.11675049855653499,0.07580169534700422,0.5789473684210527,0.5349650349650349,0.3838538605062679,0.6742897584164035,0.2982456140350877,0.6666666666666666
C_p05_lipanchored,dev,none,17.85663471719,"GT masks, dev",0.6605724704829592,87,0,0.7524547433394922,0.9143976776598238,0.741048308456338,0.8673364388423238,1.7379656913251347e-27,0.8213291564443156,0.6447680245541517,0.9010636915578315,0.8560736506434911,0.44424832215499654,0.272922091215194,0.6155745530947991,0.803861965198476,-1.1313211296340162,2.0198177739440095,-0.17308700845380048,0.0033916412874533154,0.6896551724137931,0.651256012827365,0.5254664282066908,0.7565463437157267,0.3218390804597701,0.7471264367816092
C_p05_lipanchored,holdout,none,17.85663471719,"GT masks, dev",0.5436467557964471,57,0,0.6567410244428787,0.8199972585227604,0.5740930126136681,0.8821372477344138,1.2527615423893715e-19,0.8228848902938422,0.46697466695103096,0.9237487515296858,0.8818285488772781,0.510983251702341,0.3393054844331048,0.6826610189715773,0.6470209530510784,-0.7571778162777726,1.7791443196824548,0.02811424164231454,0.6785389960025154,0.6666666666666666,0.6281800391389432,0.4861474001706131,0.7576058259476746,0.45614035087719296,0.8421052631578947
C_min,dev,none,15.159919442213777,"GT masks, dev",0.6776735763856124,87,0,0.9867289480906777,1.129065550403271,0.9365037998460819,0.8543640660732399,6.913260944233528e-26,0.7693912704043183,0.31636776894188434,0.8993249398536862,0.8534724292622846,0.7436300796567215,0.5615081600581516,0.9257519992552913,0.8545152916231774,-0.9312198919247063,2.4184800512381495,-0.0492853711481305,0.4195406256791415,0.5747126436781609,0.5407239819004526,0.40851609025350133,0.6555509560196633,0.16091954022988506,0.5517241379310345
C_min,holdout,none,15.159919442213777,"GT masks, dev",0.5883464723859634,57,0,0.9602352531169264,1.1229254703452196,0.8755628109487743,0.8837133944357094,8.837616408998068e-20,0.7357617042841003,0.022956465778693202,0.9069263210897462,0.8749401566368731,0.8763024066707605,0.6883330221051303,1.0642717912363908,0.7084209695909321,-0.5122026937274664,2.2648075070689875,0.14993438565868675,0.02849844880783371,0.5087719298245614,0.46969269805469416,0.31817996440753377,0.6124560259356647,0.19298245614035087,0.5614035087719298
C_min_lipanchored,dev,none,17.371913039026126,"GT masks, dev",0.6678942636752826,87,0,0.7813114101565661,0.938309020977756,0.6931653549061396,0.8614330497832489,9.728907125409597e-27,0.8163942219800786,0.6289162572348684,0.8993478019657927,0.8534291384945878,0.46456118029907945,0.28980395204105935,0.6393184085570995,0.8199601903895859,-1.142560792864509,2.0716831534626676,-0.146756797062783,0.014643119992525665,0.6666666666666666,0.6140610297082941,0.49117374322083907,0.7247651004513804,0.26436781609195403,0.735632183908046
C_min_lipanchored,holdout,none,17.371913039026126,"GT masks, dev",0.577332358554454,57,0,0.7055072999792377,0.8738604350468203,0.6283217280523554,0.8760536437258677,4.604126673035689e-19,0.8062875849825425,0.39667612481270803,0.9185602862133225,0.8749303090077456,0.5632479265881671,0.3843961105014192,0.7420997426749151,0.6740585827743371,-0.7579068956495334,1.8844027488258677,0.05400199936614528,0.43897643007030374,0.6491228070175439,0.586565752128666,0.43886820945099436,0.7207619026769739,0.40350877192982454,0.7543859649122807
C_p25 + constant +0.694 mm (clipped at 0),dev,constant,16.8397,"GT masks, dev",,87,0,0.52173215836091,0.7864699937789245,0.39279373096785,0.871921259832098,4.304393123109171e-28,0.8622007103634713,0.796466814451071,0.9077806328684147,0.8608214013215408,4.3388026249718764e-17,-0.16859121426799015,0.16859121426799026,0.7910292783145502,-1.5504173854965182,1.5504173854965182,-0.17095184482603193,0.003206086413856958,0.7701149425287356,0.7048237203127306,0.5718787818025265,0.8127035094276099,0.6551724137931034,0.8735632183908046
C_p25 + constant +0.694 mm (clipped at 0),holdout,constant,16.8397,"GT masks, dev",,57,0,0.4543641702450123,0.6268367065112146,0.3364702830387323,0.8940360015096034,7.880740699867082e-21,0.8935621489047753,0.8257509783003166,0.9359051319175876,0.8920049872861923,-0.023708992650881593,-0.19138953625617422,0.14397155095441105,0.6319561749744441,-1.262343095600792,1.2149251102990288,0.07121228223919401,0.2685343623298246,0.8245614035087719,0.7939262472885033,0.6801346801346801,0.894937154992263,0.6842105263157895,0.9122807017543859
