goruntu_id,sira,orijinal,tekrar
G001,1,IMG_3811-_jpg,0
G002,2,IMG_3068_jpg,0
G003,3,IMG_8564_jpg,0
G004,4,IMG_8648_jpg,0
G005,5,IMG_6545-_jpg,0
G006,6,IMG_2773_jpg,0
G007,7,IMG_2969_jpg,0
G008,8,IMG_6791_jpg,0
G009,9,IMG_3866-_jpg,0
G010,10,IMG_6573-_jpg,0
G011,11,IMG_7309_jpg,0
G012,12,IMG_7311_jpg,0
G013,13,IMG_6726_jpg,0
G014,14,IMG_7289_jpg,0
G015,15,IMG_6764_jpg,0
G016,16,IMG_6868-_jpg,0
G017,17,IMG_6842_jpg,0
G018,18,IMG_8552_jpg,0
G019,19,IMG_8611_jpg,0
G020,20,IMG_6907_jpg,0
G021,21,IMG_6849-_jpg,0
G022,22,IMG_6946_jpg,0
G023,23,IMG_6918_jpg,0
G024,24,IMG_2665_jpg,0
G025,25,IMG_7322_jpg,0
G026,26,IMG_6931_jpg,0
G027,27,IMG_8645_jpg,0
G028,28,IMG_8554_jpg,0
G029,29,IMG_3800-_jpg,0
G030,30,IMG_3858-_jpg,0
G031,31,IMG_6436-_jpg,0
G032,32,IMG_3570_jpg,0
G033,33,IMG_8607_jpg,0
G034,34,IMG_6900_jpg,0
G035,35,IMG_6591-_jpg,0
G036,36,IMG_8584_jpg,0
G037,37,IMG_2522-_jpg,0
G038,38,IMG_3079_jpg,0
G039,39,IMG_2761-_jpg,0
G040,40,IMG_6905_jpg,0
G041,41,IMG_2821_jpg,0
G042,42,IMG_6617-_jpg,0
G043,43,IMG_6806_jpg,0
G044,44,IMG_2855_jpg,0
G045,45,IMG_3827-_jpg,0
G046,46,IMG_6474-_jpg,0
G047,47,IMG_7350_jpg,0
G048,48,IMG_7280_jpg,0
G049,49,IMG_8587_jpg,0
G050,50,IMG_8579_jpg,0
G051,51,gg_jpg,0
G052,52,IMG_6758_jpg,0
G053,53,IMG_3059_jpg,0
G054,54,IMG_3160_jpg,0
G055,55,IMG_7382_jpg,0
G056,56,IMG_7291_jpg,0
G057,57,IMG_6519-_jpg,0
G058,58,IMG_2616_jpg,0
G059,59,IMG_8568_jpg,0
G060,60,IMG_2739-_jpg,0
G061,61,IMG_6551-_jpg,0
G062,62,IMG_8560_jpg,0
G063,63,IMG_7278_jpg,0
G064,64,IMG_6773_jpg,0
G065,65,IMG_3785-_jpg,0
G066,66,IMG_8575_jpg,0
G067,67,gummy21_JPG,0
G068,68,IMG_8609_jpg,0
G069,69,IMG_6748_jpg,0
G070,70,IMG_7307_jpg,0
G071,71,IMG_2632-_jpg,0
G072,72,IMG_7347_jpg,0
G073,73,IMG_7323_jpg,0
G074,74,IMG_3110_jpg,0
G075,75,IMG_8649_jpg,0
G076,76,IMG_2675_jpg,0
G077,77,IMG_6921_jpg,0
G078,78,IMG_8606_jpg,0
G079,79,IMG_7314_jpg,0
G080,80,IMG_7375_jpg,0
G081,81,IMG_2892_jpg,0
G082,82,IMG_6847_jpg,0
G083,83,IMG_2749-_jpg,0
G084,84,IMG_6488-_jpg,0
G085,85,IMG_2711-_jpg,0
G086,86,IMG_6803_jpg,0
G087,87,IMG_2550_jpeg,0
G088,88,IMG_2574_jpeg,0
G089,89,IMG_6745_jpg,0
G090,90,IMG_3595-_jpg,0
G091,91,IMG_7337_jpg,0
G092,92,IMG_6933_jpg,0
G093,93,gummy30_JPG,0
G094,94,IMG_2796_jpg,0
G095,95,IMG_8630_jpg,0
G096,96,IMG_6768_jpg,0
G097,97,IMG_6857-_jpg,0
G098,98,IMG_3129_jpg,0
G099,99,IMG_6586-_jpg,0
G100,100,IMG_2648_jpg,0
G101,101,IMG_8577_jpg,0
G102,102,IMG_7352_jpg,0
G103,103,IMG_7304_jpg,0
G104,104,IMG_6876-_jpg,0
G105,105,IMG_8593_jpg,0
G106,106,gummy19_JPG,0
G107,107,IMG_3792-_jpg,0
G108,108,IMG_2718-_jpg,0
G109,109,IMG_8633_jpg,0
G110,110,IMG_8594_jpg,0
G111,111,IMG_3684-_jpg,0
G112,112,IMG_6706_jpg,0
G113,113,IMG_3098_jpg,0
G114,114,IMG_6724_jpg,0
G115,115,111 (1)_jpg,0
G116,116,IMG_3172_jpg,0
G117,117,gummy15_JPG,0
G118,118,IMG_2918_jpg,0
G119,119,IMG_6942_jpg,0
G120,120,IMG_2843_jpg,0
G121,121,IMG_3853-_jpg,0
G122,122,IMG_7036_jpg,0
G123,123,IMG_7276_jpg,0
G124,124,IMG_8601_jpg,0
G125,125,IMG_3117_jpg,0
G126,126,IMG_2695_jpg,0
G127,127,IMG_3105_jpg,0
G128,128,IMG_8581_jpg,0
G129,129,IMG_2686_jpg,0
G130,130,IMG_6855-_jpg,0
G131,131,IMG_6460-_jpg,0
G132,132,IMG_3552_jpg,0
G133,133,IMG_6896_jpg,0
G134,134,IMG_6399-_jpg,0
G135,135,IMG_2862_jpg,0
G136,136,IMG_2848_jpg,0
G137,137,IMG_6703_jpg,0
G138,138,IMG_2641_jpg,0
G139,139,IMG_2947_jpg,0
G140,140,IMG_7024_jpg,0
G141,141,IMG_7285_jpg,0
G142,142,IMG_2910_jpg,0
G143,143,IMG_3693-_jpg,0
G144,144,IMG_2456_jpeg,0
G145,145,IMG_2736-_jpg,0
G146,146,IMG_2718-_jpg,1
G147,147,IMG_8594_jpg,1
G148,148,IMG_6946_jpg,1
G149,149,IMG_6460-_jpg,1
G150,150,IMG_6551-_jpg,1
G151,151,IMG_6519-_jpg,1
G152,152,IMG_6907_jpg,1
G153,153,IMG_6764_jpg,1
G154,154,IMG_2648_jpg,1
G155,155,IMG_6586-_jpg,1
G156,156,IMG_6617-_jpg,1
G157,157,IMG_8609_jpg,1
G158,158,IMG_3059_jpg,1
G159,159,IMG_3570_jpg,1
G160,160,IMG_3800-_jpg,1
G161,161,IMG_7307_jpg,1
G162,162,IMG_2550_jpeg,1
G163,163,IMG_3866-_jpg,1
G164,164,IMG_2969_jpg,1
G165,165,IMG_7347_jpg,1
