model,seed,settings,conf,max_det,imgsz,class,box_precision,box_recall,box_f1,box_map50,box_map50_95,seg_precision,seg_recall,seg_f1,seg_map50,seg_map50_95
yolo11x-seg@1024,42,standard,0.001,300,1024.0,diseti,0.6888869238795701,0.6673134864127461,0.6779286179675218,0.6622569937730283,0.2972234450500377,0.6717274937379363,0.636986301369863,0.6538957766993373,0.6349604124316175,0.2690928884349486
yolo11x-seg@1024,42,standard,0.001,300,1024.0,dudak,0.9603387049999502,0.9947368421052633,0.977235168408251,0.9899513473053893,0.7270629038202802,0.9608017594572142,0.9947368421052633,0.9774748576458768,0.9903898553699054,0.692047369112632
yolo11x-seg@1024,42,standard,0.001,300,1024.0,all,0.8246128144397602,0.8310251642590046,,0.8261041705392087,0.5121431744351589,0.8162646265975753,0.815861571737563,,0.8126751339007614,0.4805701287737903
yolo11x-seg@1024,42,operating_point,0.25,20,1024.0,diseti,0.6767169179229481,0.6917808219178082,0.6841659610499577,0.5784394581560337,0.2667243675266658,0.660123313599691,0.6485236923916892,0.6542720944754578,0.5599925037393231,0.2352493236795743
yolo11x-seg@1024,42,operating_point,0.25,20,1024.0,dudak,0.9895287958115184,0.9947368421052633,0.9921259842519684,0.9905886935926204,0.7210400360181692,0.9895287958115184,0.9947368421052633,0.9921259842519684,0.9913345125229944,0.6916631501538493
yolo11x-seg@1024,42,operating_point,0.25,20,1024.0,all,0.8331228568672332,0.8432588320115357,,0.784514075874327,0.4938822017724175,0.8248260547056047,0.8216302672484761,,0.7756635081311587,0.4634562369167119
yolo11x-seg@1024,43,standard,0.001,300,1024.0,diseti,0.6910134946880127,0.666095890410959,0.6783259390644222,0.6712235798157644,0.2944465604854948,0.7287857815649458,0.5958904109589042,0.6556718711013187,0.6497282313605302,0.2673873082645285
yolo11x-seg@1024,43,standard,0.001,300,1024.0,dudak,0.9298738918186634,0.9894736842105264,0.9587484383547636,0.9887976186147628,0.7202518431523791,0.9384328120809302,0.9842105263157894,0.9607766905539288,0.9793972228487074,0.6841392972660447
yolo11x-seg@1024,43,standard,0.001,300,1024.0,all,0.8104436932533381,0.8277847873107427,,0.8300105992152635,0.5073492018189368,0.833609296822938,0.7900504686373468,,0.8145627271046187,0.4757633027652866
yolo11x-seg@1024,43,operating_point,0.25,20,1024.0,diseti,0.6977152899824253,0.6797945205479452,0.6886383347788377,0.5715458324054463,0.2567470516204452,0.7083709167614678,0.6284246575342466,0.6660072180558726,0.5644244642111806,0.234062516897698
yolo11x-seg@1024,43,operating_point,0.25,20,1024.0,dudak,0.9740932642487048,0.9894736842105264,0.9817232375979114,0.9802659574468088,0.7159586702575221,0.9740204204072668,0.9842105263157894,0.9790889600795782,0.9799559320679416,0.6843601152091154
yolo11x-seg@1024,43,operating_point,0.25,20,1024.0,all,0.8359042771155649,0.8346341023792357,,0.7759058949261275,0.4863528609389836,0.8411956685843673,0.8063175919250181,,0.7721901981395611,0.4592113160534066
yolo11x-seg@1024,44,standard,0.001,300,1024.0,diseti,0.6486401580258594,0.7071917808219178,0.6766516930656531,0.6587329897508512,0.2882166660545819,0.6423162248736536,0.666095890410959,0.6539899665168648,0.6448916991161264,0.2659822491729394
yolo11x-seg@1024,44,standard,0.001,300,1024.0,dudak,0.9655997344146908,0.9947368421052633,0.9799517511982448,0.9909476385799032,0.7232421378937407,0.95615734737475,0.9842105263157894,0.969981145184119,0.9809963974451515,0.6863995625353446
yolo11x-seg@1024,44,standard,0.001,300,1024.0,all,0.8071199462202752,0.8509643114635905,,0.8248403141653773,0.5057294019741614,0.7992367861242018,0.8251532083633741,,0.8129440482806389,0.4761909058541421
yolo11x-seg@1024,44,operating_point,0.25,20,1024.0,diseti,0.6746166950596252,0.678082191780822,0.6763450042698549,0.5655342903576985,0.2551529600448505,0.6541737649063032,0.6575342465753424,0.6558497011101622,0.5561006700605805,0.2291262335519484
yolo11x-seg@1024,44,operating_point,0.25,20,1024.0,dudak,0.9895287958115184,0.9947368421052633,0.9921259842519684,0.9911163266534272,0.7182482377444276,0.9790575916230366,0.9842105263157894,0.9816272965879264,0.9811028876747891,0.6851337988893895
yolo11x-seg@1024,44,operating_point,0.25,20,1024.0,all,0.8320727454355717,0.8364095169430426,,0.7783253085055628,0.486700598894639,0.8166156782646699,0.8208723864455659,,0.7686017788676849,0.4571300162206689
yolo11x-seg,42,standard,0.001,300,,diseti,0.6723411124400533,0.6008294642856464,0.6345769495293719,0.6068462051156844,0.2591685171987219,0.5811349444706954,0.5202768393864284,0.5490245457650601,0.5074905803639407,0.2018404135377939
yolo11x-seg,42,standard,0.001,300,,dudak,0.9775217296822304,0.9894736842105264,0.9834613954186447,0.9916659466465064,0.7342307028415037,0.9722570066095648,0.9842105263157894,0.978197249978002,0.981650028150192,0.6825600313638811
yolo11x-seg,42,standard,0.001,300,,all,0.8249314210611418,0.7951515742480864,,0.7992560758810954,0.4966996100201127,0.7766959755401301,0.752243682851109,,0.7445703042570664,0.4422002224508374
yolo11x-seg,42,operating_point,0.25,20,,diseti,0.6889284157181685,0.6105586158833899,0.6473803427267957,0.5449472124357055,0.2378323655294729,0.5968610481195353,0.5349198529446771,0.5641954618394704,0.4383251073517739,0.1726443233743785
yolo11x-seg,42,operating_point,0.25,20,,dudak,0.9842931937172776,0.9894736842105264,0.9868766404199476,0.9820212765957448,0.7306680265922555,0.9790575916230366,0.9842105263157894,0.9816272965879264,0.981650028150192,0.68172892025277
yolo11x-seg,42,operating_point,0.25,20,,all,0.836610804717723,0.800016150046958,,0.7634842445157253,0.4842501960608641,0.787959319871286,0.7595651896302333,,0.7099875677509829,0.4271866218135742
yolo11x-seg,43,standard,0.001,300,,diseti,0.6504578904521819,0.6061643835616438,0.6275305067438524,0.6013084891925143,0.2521543281236768,0.5976164853692352,0.4897260273972603,0.5383185957520606,0.5183829597410711,0.2059887497529199
yolo11x-seg,43,standard,0.001,300,,dudak,0.952774369283001,1.0,0.9758161355147554,0.9918650265957448,0.7201995360741054,0.9428329926502091,0.9789473684210528,0.960550847237264,0.9801053746638378,0.6849288310723505
yolo11x-seg,43,standard,0.001,300,,all,0.8016161298675915,0.803082191780822,,0.7965867578941297,0.486176932098891,0.7702247390097221,0.7343366979091565,,0.7492441672024545,0.4454587904126351
yolo11x-seg,43,operating_point,0.25,20,,diseti,0.6748582230623819,0.6113013698630136,0.6415094339622641,0.5140235598064367,0.2204280653840769,0.5784499054820416,0.523972602739726,0.549865229110512,0.4164630240404318,0.167731908774338
yolo11x-seg,43,operating_point,0.25,20,,dudak,0.9743589743589745,1.0,0.9870129870129868,0.9919999999999995,0.7135433201669209,0.958974358974359,0.9842105263157894,0.9714285714285716,0.9803507649079056,0.6850325201594922
yolo11x-seg,43,operating_point,0.25,20,,all,0.8246085987106782,0.8056506849315068,,0.7530117799032181,0.4669856927754988,0.7687121322282002,0.7540915645277577,,0.6984068944741688,0.4263822144669151
yolo11x-seg,44,standard,0.001,300,,diseti,0.6526547815290805,0.6177474670951145,0.634721543690168,0.6021779003196054,0.2662678968253675,0.5750016423684166,0.4794520547945205,0.5228977235994492,0.4794187972338071,0.1846619368579964
yolo11x-seg,44,standard,0.001,300,,dudak,0.9672806976140176,0.9947368421052633,0.9808166615183378,0.9914271219014296,0.729739318867912,0.9587883206669772,0.9842105263157894,0.9713331113648852,0.979563488229915,0.6948914044156821
yolo11x-seg,44,standard,0.001,300,,all,0.8099677395715491,0.8062421546001888,,0.7968025111105175,0.4980036078466399,0.7668949815176969,0.731831290555155,,0.7294911427318611,0.4397766706368392
yolo11x-seg,44,operating_point,0.25,20,,diseti,0.6494845360824743,0.6472602739726028,0.6483704974271012,0.5317989899308158,0.2405523345222183,0.5756732505380637,0.4794520547945205,0.5231752503058688,0.3951312660958418,0.1548227756922071
yolo11x-seg,44,operating_point,0.25,20,,dudak,0.9692307692307692,0.9947368421052633,0.981818181818182,0.9914271219014296,0.7266291493763867,0.958974358974359,0.9842105263157894,0.9714285714285716,0.979563488229915,0.6948914044156821
yolo11x-seg,44,operating_point,0.25,20,,all,0.8093576526566217,0.820998558038933,,0.7616130559161227,0.4835907419493025,0.7673238047562114,0.731831290555155,,0.6873473771628784,0.4248570900539445
yolo26x-seg,42,standard,0.001,300,,diseti,0.6659148536153471,0.6472602739726028,0.6564550630580348,0.6363460181844645,0.278796623123195,0.5763322526677535,0.5205479452054794,0.5470215807770766,0.5028613678175748,0.2042957290251284
yolo26x-seg,42,standard,0.001,300,,dudak,0.9808050288059796,0.9894736842105264,0.9851202867223324,0.9899834372821776,0.7379507899422993,0.9762321317175238,0.9842105263157894,0.9802050942188408,0.9811782808512668,0.6893015733548599
yolo26x-seg,42,standard,0.001,300,,all,0.8233599412106634,0.8183669790915645,,0.813164727733321,0.508373706532747,0.7762821921926386,0.7523792357606345,,0.7420198243344207,0.4467986511899942
yolo26x-seg,42,operating_point,0.25,20,,diseti,0.6742556917688266,0.6592465753424658,0.6666666666666666,0.5571387586865326,0.2502771881321369,0.5886071525434394,0.5205479452054794,0.5524894478898125,0.44456555552438,0.1824414401561443
yolo26x-seg,42,operating_point,0.25,20,,dudak,0.9894736842105264,0.9894736842105264,0.9894736842105264,0.9821674641148322,0.7336953616542506,0.9842105263157894,0.9842105263157894,0.9842105263157894,0.981408950182944,0.6871629729984428
yolo26x-seg,42,operating_point,0.25,20,,all,0.8318646879896765,0.824360129776496,,0.7696531114006824,0.4919862748931937,0.7864088394296145,0.7523792357606345,,0.7129872528536619,0.4348022065772937
yolo26x-seg,43,standard,0.001,300,,diseti,0.6902633520956968,0.6335616438356164,0.6606981819761971,0.6264422588986808,0.275769525221076,0.6270312172260784,0.4777397260273973,0.5422983357003125,0.4803237369749971,0.19093297727551
yolo26x-seg,43,standard,0.001,300,,dudak,0.9652577639247804,0.9947368421052633,0.979775614636978,0.990820541892223,0.7321297818459358,0.9619551116916408,0.9842105263157894,0.9729555678924994,0.980676448108308,0.684841174255587
yolo26x-seg,43,standard,0.001,300,,all,0.8277605580102386,0.8141492429704398,,0.8086314003954519,0.503949653533506,0.7944931644588595,0.7309751261715933,,0.7305000925416525,0.4378870757655486
yolo26x-seg,43,operating_point,0.25,20,,diseti,0.6774774774774774,0.6438356164383562,0.6602282704126426,0.5483782378739452,0.2459232866903854,0.6371784857172172,0.4777397260273973,0.5460588444792989,0.417044539375784,0.1695547389446486
yolo26x-seg,43,operating_point,0.25,20,,dudak,0.9792746113989638,0.9947368421052633,0.9869451697127936,0.991242188819456,0.7278620440081696,0.9753575403011866,0.9842105263157894,0.979764035186782,0.9809884937794494,0.682742866815467
yolo26x-seg,43,operating_point,0.25,20,,all,0.8283760444382207,0.8192862292718097,,0.7698102133467006,0.4868926653492774,0.8062680130092019,0.7309751261715933,,0.6990165165776168,0.4261488028800578
yolo26x-seg,44,standard,0.001,300,,diseti,0.6286495773381185,0.6261322407745598,0.627388383922773,0.6092014449829544,0.2581866437953801,0.6398044264915982,0.4957748040876719,0.5586557162312508,0.5433347887462281,0.2147256069314493
yolo26x-seg,44,standard,0.001,300,,dudak,0.9427055613917292,0.9947368421052633,0.9680225347409496,0.9924749712491348,0.72399387007394,0.9669685126374462,0.9947368421052633,0.9806561442580692,0.9933555457039148,0.6977370351535588
yolo26x-seg,44,standard,0.001,300,,all,0.7856775693649238,0.8104345414399114,,0.8008382081160446,0.49109025693466,0.8033864695645222,0.7452558230964675,,0.7683451672250715,0.4562313210425041
yolo26x-seg,44,operating_point,0.25,20,,diseti,0.624,0.6678082191780822,0.6451612903225806,0.5500172422077811,0.2385119106748942,0.5568,0.5958904109589042,0.575682382133995,0.4743995271381274,0.1893972685925497
yolo26x-seg,44,operating_point,0.25,20,,dudak,0.9593908629441624,0.9947368421052633,0.9767441860465116,0.9926272231423194,0.7182521940797579,0.9593908629441624,0.9947368421052633,0.9767441860465116,0.9934575534759356,0.6967485501170017
yolo26x-seg,44,operating_point,0.25,20,,all,0.7916954314720812,0.8312725306416726,,0.7713222326750503,0.478382052377326,0.7580954314720811,0.7953136265320837,,0.7339285403070315,0.4430729093547756
