uid,e_total,e_seg,e_meas,gingiva_mask_iou,gingiva_boundary_iou,gingiva_top_edge_bias_px,gingiva_bottom_edge_bias_px,gingiva_thickness_mae_px,gingiva_columns_missed_frac,gingiva_columns_spurious_frac
high/IMG_7307_jpg,-0.5566171363202748,0.4576797172182574,-1.0142968535385322,0.7713393325179102,0.3870846437850403,-3.5389082462253194,4.369337979094077,9.025551684088269,0.018244013683010263,0.028216704288939052
high/IMG_6921_jpg,0.12023508211516276,-0.07916622135667195,0.1994013034718347,0.8792596786369028,0.4441952844695028,-1.4264705882352942,1.1957013574660633,7.178733031674208,0.0684931506849315,0.0
high/IMG_2843_jpg,1.0832716074305422,0.11380144320021568,0.9694701642303265,0.893869692978012,0.3983490284896889,1.9205020920502092,1.7897489539748954,6.042887029288703,0.0031282586027111575,0.0
high/IMG_8575_jpg,-0.21671182505848385,0.09400988786104669,-0.31072171291953055,0.8665337987381218,0.3787450537026569,-3.8845750262329486,0.36306400839454356,6.9569779643231895,0.0010482180293501049,0.0
high/IMG_6842_jpg,0.40382629941456516,0.3166648854266869,0.08716141398787824,0.810672646989177,0.33033094858201656,-1.744842562432139,3.01628664495114,9.542888165038002,0.0,0.01812366737739872
high/IMG_7304_jpg,0.8308646059699258,-0.1682282203829253,0.9990928263528511,0.8735641766711131,0.34616653173817874,-1.7857142857142858,-4.198547215496368,9.115012106537531,0.04287369640787949,0.0
high/IMG_6573-_jpg,-0.09636424180530612,-0.18801977572209494,0.09165553391678882,0.7982321840488292,0.39406435488909713,4.030409356725146,-1.7426900584795322,7.873684210526315,0.04575892857142857,0.011560693641618497
high/IMG_2695_jpg,0.6029107460228866,0.16822822038292662,0.43468252563996,0.8887913547881995,0.5344519814352017,0.3208695652173913,-0.7895652173913044,6.070434782608696,0.0137221269296741,0.0
high/IMG_8568_jpg,0.09249350243238297,0.618486104348996,-0.525992601916613,0.8711592909629727,0.3737109700399276,-1.0352811466372658,4.533627342888644,8.226019845644984,0.0,0.02577873254564984
high/IMG_6460-_jpg,0.7504893125601171,0.395831106783358,0.3546582057767591,0.8107136141406543,0.4720984799537525,-1.8991981672394043,2.495990836197022,7.820160366552119,0.0011441647597254005,0.0
high/IMG_6706_jpg,0.5137175784636212,0.465101550470445,0.048616027993176214,0.7882318010339527,0.3353610416940681,-8.544226044226043,-0.7063882063882064,11.646191646191646,0.0,0.0024509803921568627
high/IMG_3079_jpg,0.664334851345628,-0.31171699659189445,0.9760518479375224,0.8645276802979303,0.44881768228684327,2.478409090909091,-1.321590909090909,6.918181818181818,0.0527448869752422,0.0
high/IMG_2665_jpg,0.3346376304758292,-0.11380144320021479,0.44843907367604396,0.8126764810702635,0.3079071251894997,5.849889624724062,-1.0044150110375276,10.62251655629139,0.010917030567685589,0.006578947368421052
high/IMG_6758_jpg,0.3152049732220261,0.27213388591355914,0.04307108730846698,0.8409854604200323,0.4841988336573174,0.39762611275964393,4.402571711177052,7.134520276953511,0.0058997050147492625,0.009794319294809012
high/IMG_2574_jpeg,0.7736991841920893,-0.158332442713343,0.9320316269054323,0.8615346208027961,0.42213569424202213,0.8537477148080439,-7.449725776965265,10.261425959780622,0.02408563782337199,0.009057971014492754
high/IMG_6768_jpg,-0.086451805583593,0.45520577280086183,-0.5416575783844548,0.8070383108054067,0.3602400682762988,-6.33585313174946,2.473002159827214,9.934125269978402,0.0,0.014893617021276596
high/IMG_3068_jpg,0.6808519552077517,-0.04947888834791936,0.730330843555671,0.8708594839609484,0.3887946584820828,2.2170087976539588,1.2394916911045943,6.103616813294233,0.0,0.03216650898770104
high/IMG_6849-_jpg,-0.45172941975118075,-0.047004943930524234,-0.4047244758206565,0.8835883010288621,0.5363260004870525,-1.6666666666666667,1.6541353383458646,5.774436090225564,0.016029593094944512,0.003745318352059925
high/IMG_3110_jpg,0.3648596165188236,-0.3710916626093983,0.7359512791282219,0.8872055802896496,0.4215557020435069,2.9964285714285714,2.8321428571428573,7.1761904761904765,0.06770255271920089,0.0
high/IMG_8584_jpg,-0.38906448880391675,0.5690072160010766,-0.9580717048049934,0.8626054537198575,0.3929317403291837,-1.9270298047276464,0.7975334018499486,8.422404933196301,0.0020512820512820513,0.0020512820512820513
high/111 (1)_jpg,0.35873419149517316,0.0395831106783362,0.31915108081683696,0.8156924773624332,0.36725854183481305,5.35673839184598,-0.6862967157417894,7.85277463193658,0.12660731948565776,0.0
high/IMG_2848_jpg,0.3134219242933429,-0.1311190541219871,0.44454097841533,0.7429838454228698,0.3451382113821138,-2.8143939393939394,-2.3106060606060606,6.960858585858586,0.11902113459399333,0.0
high/IMG_3098_jpg,0.5129117276840329,0.22265499756563845,0.2902567301183945,0.841286812085342,0.28725525525525525,8.114228456913828,0.6122244488977956,11.886773547094188,0.017716535433070866,0.0
high/IMG_6855-_jpg,-1.0319688184045628,0.41562266212252563,-1.4475914805270884,0.8701323275263961,0.38258575197889183,2.8360049321824907,5.595561035758323,7.70406905055487,0.12229437229437229,0.0012315270935960591
high/IMG_3105_jpg,0.25714470991517335,0.007421833252188037,0.24972287666298532,0.7397002211483332,0.4185150145415046,-2.66871921182266,1.1330049261083743,7.476600985221675,0.13247863247863248,0.0
high/IMG_6591-_jpg,-0.07215971389327525,-0.41562266212252563,0.3434629482292504,0.8393813899314093,0.3300841233809587,7.510506798516687,-1.023485784919654,11.364647713226205,0.004920049200492005,0.0
high/IMG_6933_jpg,0.4653110678335777,0.2770817747483507,0.18822929308522696,0.8727114210985178,0.40871726247371437,-5.408955223880597,-1.3303482587064677,8.162189054726369,0.02237354085603113,0.0
high/IMG_6519-_jpg,1.4474855323730482,1.0365827108889194,0.4109028214841288,0.8841321777355946,0.2926149817533499,-5.086741016109046,8.653035935563816,16.143742255266417,0.01705237515225335,0.0
high/IMG_6745_jpg,0.13021397046308358,0.23749866407001496,-0.10728469360693138,0.8361312775456062,0.41817271867875216,0.43783209351753455,4.439957492029755,9.12008501594049,0.0,0.019791666666666666
high/IMG_3811-_jpg,1.3995873915917567,0.7817664358971319,0.6178209556946248,0.8464979073705285,0.2949878841984441,-4.682242990654205,4.516095534787124,11.916926272066458,0.002072538860103627,0.009259259259259259
high/IMG_6918_jpg,1.0352005656426524,0.24986838615699503,0.7853321794856574,0.9106496916957378,0.5351088742092203,1.7102085620197585,0.3402854006586169,6.190998902305159,0.0,0.009782608695652175
high/IMG_8648_jpg,-1.4119022752372015,-0.01979155533916721,-1.3921107198980343,0.8609422577781772,0.31171735241502685,2.5879732739420938,0.6948775055679287,10.701559020044543,0.022850924918389554,0.014270032930845226
high/IMG_6847_jpg,0.7638586348576792,0.41562266212252563,0.3482359727351536,0.8465644911313931,0.4205441865782554,-1.0554994954591321,0.42785065590312815,7.596367305751766,0.0,0.009
high/IMG_2718-_jpg,0.352467755598042,-0.4156226621225252,0.7680904177205672,0.7847668775077532,0.3424653537563822,1.5648148148148149,-9.474537037037036,12.73611111111111,0.03571428571428571,0.0
high/IMG_6474-_jpg,0.32848174229019955,0.6036424378446203,-0.2751606955544208,0.8371537583368384,0.3861851499286054,-2.667044167610419,5.657984144960363,10.836919592298981,0.014508928571428572,0.0
high/IMG_6857-_jpg,0.20465776046676432,-0.6877565480360839,0.8924143085028482,0.755557701904348,0.3431450755158477,4.103556485355648,-1.8064853556485356,12.926778242677825,0.035317860746720484,0.006237006237006237
high/IMG_6724_jpg,-0.049310794710113015,-0.24739444173959857,0.19808364702948555,0.7719466165820887,0.37331363585684024,2.438372093023256,-2.2651162790697676,12.424418604651162,0.04338153503893215,0.011494252873563218
high/IMG_7382_jpg,-0.20249679178887936,-0.01484366650437563,-0.18765312528450373,0.7453935926196658,0.41023356456437343,3.3006912442396312,4.220046082949309,7.317972350230415,0.003444316877152698,0.0022988505747126436
high/IMG_6586-_jpg,0.2915773216483991,0.2276028864004307,0.06397443524796842,0.7939486683848798,0.4823354143019296,-0.581081081081081,0.5171990171990172,7.031941031941032,0.09655937846836848,0.0
high/IMG_3853-_jpg,0.7900283731737342,0.4131487177051296,0.3768796554686046,0.7833968606500795,0.4538697689449022,-2.3058186738836266,1.7253044654939107,8.686062246278755,0.026350461133069828,0.006720430107526882
high/IMG_7311_jpg,0.5154367560849138,0.6234339931837882,-0.10799723709887443,0.785155020459553,0.38896474677259185,-3.5874125874125875,3.7086247086247086,9.554778554778554,0.06331877729257641,0.035955056179775284
high/IMG_7347_jpg,0.6387606923877724,0.9079376011843268,-0.2691769087965543,0.837438330170778,0.48116091361840974,-1.2688039457459925,2.8335388409371145,7.0147965474722564,0.07101947308132875,0.009768009768009768
high/IMG_8645_jpg,0.6303010889313749,-0.16822822038292706,0.798529309314302,0.7819305473808122,0.43402843601895735,-2.441588785046729,-6.3516355140186915,11.473130841121495,0.009259259259259259,0.0034924330616996507
high/IMG_2648_jpg,2.0035954982128223,-0.34635221843543995,2.3499477166482623,0.9038935188443095,0.4209740623250606,3.7261904761904763,-1.1158008658008658,8.37012987012987,0.011764705882352941,0.0
high/IMG_7337_jpg,0.6540513115863726,0.42057055095731766,0.23348076062905498,0.7872111043730207,0.4745330203123405,-2.8065934065934064,3.440659340659341,8.053846153846154,0.006550218340611353,0.03397027600849257
high/IMG_2855_jpg,0.8476475183368763,0.1583324427133439,0.6893150756235324,0.8674054312880498,0.4476728382010934,0.28365878725590954,-2.3504624871531345,7.528263103802672,0.02112676056338028,0.0
high/IMG_8630_jpg,-0.4394458344713481,0.08164016577406752,-0.5210860002454156,0.7765712225657384,0.2102749558303887,-11.517099863201095,4.045143638850889,16.213406292749657,0.0,0.17494356659142213
high/IMG_2686_jpg,0.4409287405050013,0.12369722086979884,0.31723151963520246,0.8214198703893193,0.32156196069340337,-3.3631633714880333,-4.483870967741935,9.443288241415193,0.015368852459016393,0.012332990750256937
high/IMG_8564_jpg,0.09706752482850645,0.11874933203500726,-0.021681807206500814,0.8234046477314644,0.4362231534834992,-2.212192262602579,1.3012895662368114,8.882766705744432,0.00117096018735363,0.02957906712172924
high/IMG_8594_jpg,-1.5925789208060697,-0.11874933203500682,-1.4738295887710628,0.8798399748980232,0.5040807630535252,-1.346281908990011,-0.30632630410654826,6.340732519422864,0.024891774891774892,0.0
high/gg_jpg,0.03773151963520238,0.2820296635831423,-0.24429814394793992,0.8309759137416307,0.37732143372902405,-3.94920993227991,2.206546275395034,10.677200902934537,0.005611672278338945,0.0022522522522522522
high/IMG_3129_jpg,0.18018217137111936,-0.3141909410092909,0.49437311238041026,0.8854979891175775,0.40808004858440095,3.051282051282051,-4.921911421911422,9.178321678321678,0.0,0.022779043280182234
high/IMG_8601_jpg,0.12020042908091999,-0.029687333008751926,0.14988776208967192,0.7603199236003343,0.40610196442177093,0.3505747126436782,-2.65632183908046,7.786206896551724,0.039735099337748346,0.0
high/IMG_3059_jpg,-0.006703809478571632,0.17070216480032308,-0.1774059742788947,0.85308818279186,0.4492394366197183,0.5848329048843187,2.3431876606683804,5.5681233933161955,0.01643489254108723,0.0
high/IMG_2632-_jpg,2.833415735473989,-0.23255077523522205,3.0659665107092104,0.8679337113376974,0.3818688572685932,5.145263157894737,-1.7178947368421054,7.448421052631579,0.03943377148634985,0.0
high/IMG_8649_jpg,0.22689230623077794,0.04453099951312778,0.18236130671765016,0.8377883206047982,0.40716269990239506,-3.7463087248322147,-0.01476510067114094,6.306040268456376,0.0722291407222914,0.0
high/IMG_6551-_jpg,1.4237604746806634,0.014843666504376962,1.4089168081762864,0.9291970017573432,0.43789102658246437,1.695742471443406,2.0851505711318796,8.553478712357217,0.0,0.012307692307692308
high/IMG_2892_jpg,0.17812319847367575,-0.4057268844529407,0.5838500829266164,0.7912679906729919,0.365063012945984,0.7617370892018779,-4.576291079812207,7.366197183098592,0.013888888888888888,0.005834305717619603
high/gummy19_JPG,0.5860858735794613,-0.21028527547865883,0.7963711490581201,0.7529788635411053,0.37293202293202293,-2.667197452229299,2.5796178343949046,11.205414012738853,0.10157367668097282,0.024844720496894408
high/IMG_6803_jpg,0.23618786935990155,0.32161277426147805,-0.0854249049015765,0.807723010941193,0.4461368540018494,-0.25069124423963135,4.8027649769585254,9.228571428571428,0.011839708561020037,0.011839708561020037
high/IMG_6436-_jpg,0.2585939802005284,0.3265606630962701,-0.0679666828957417,0.6763470751759626,0.258390459868609,-4.18859649122807,3.942982456140351,10.169590643274853,0.2508214676889376,0.011560693641618497
high/IMG_7375_jpg,-0.09461624570028393,0.6506473817751446,-0.7452636274754285,0.7970326791772233,0.43261173184357543,-1.329268292682927,4.411308203991131,8.348115299334811,0.06818181818181818,0.0
high/IMG_2796_jpg,0.28824243467797217,-0.017317610921772975,0.30556004559974514,0.9047428401819549,0.35143652887716215,3.856489945155393,-3.520109689213894,10.641681901279707,0.004549590536851683,0.006357856494096276
high/IMG_8581_jpg,-0.06285568987424428,0.24244655290480677,-0.30530224277905105,0.7879470829668719,0.38956925675675674,-0.6980728051391863,3.3340471092077086,9.875802997858672,0.01164021164021164,0.016842105263157894
high/IMG_6876-_jpg,-0.03212559721018193,0.17812399805251156,-0.2102495952626935,0.8600901380063265,0.4063096925257256,1.3658008658008658,2.2261904761904763,5.927489177489178,0.0,0.0021598272138228943
high/IMG_6896_jpg,0.28843328464610796,0.08906199902625556,0.1993712856198524,0.8853873281105773,0.44965082225726516,-2.4784172661870505,2.9964028776978417,7.474820143884892,0.0,0.027972027972027972
high/IMG_3117_jpg,0.7842063091520111,0.004947888834792469,0.7792584203172186,0.8215411634301178,0.4279811544178781,1.078078078078078,-1.7847847847847849,9.11111111111111,0.07414272474513438,0.03197674418604651
high/IMG_2550_jpeg,-3.725705590718551,-0.05442677718271183,-3.671278813535839,0.8431832949376808,0.3799499390283037,1.313095238095238,-4.969047619047619,9.594047619047618,0.04869762174405436,0.0
high/IMG_6806_jpg,0.5594166260939781,-0.16822822038292662,0.7276448464769047,0.9141845736884316,0.5807259073842302,0.569280343716434,-1.7626208378088077,5.571428571428571,0.0,0.008519701810436636
high/IMG_6946_jpg,0.2864475345659516,0.1929676645568874,0.09347987000906421,0.8453391407936862,0.512210891350986,-0.6716417910447762,1.3784648187633262,7.039445628997868,0.003188097768331562,0.0
high/IMG_2749-_jpg,0.3261335316447185,-0.3067691077571024,0.6329026394018209,0.782703113135915,0.3067551205731006,6.402266288951841,-2.4787535410764874,10.686496694995279,0.02933088909257562,0.0
high/IMG_2616_jpg,1.2831031595238942,-0.16328033154813415,1.4463834910720283,0.8857247337386296,0.3494854400295353,2.96221198156682,-1.847004608294931,11.710599078341014,0.012738853503184714,0.0
high/gummy21_JPG,0.30009487082051844,-0.25976416382657863,0.5598590346470971,0.8539804019741077,0.5714438274241777,-1.1588628762541806,1.306020066889632,4.377926421404682,0.02127659574468085,0.056782334384858045
high/IMG_3172_jpg,0.3620481944164071,0.1929676645568872,0.16908052985951993,0.8188598899259477,0.40383216104778075,2.5937813440320965,5.682046138415246,8.562688064192578,0.003996003996003996,0.007960199004975124
high/IMG_6942_jpg,0.44872439467528036,0.24739444173959857,0.2013299529356818,0.9081043234727814,0.5167697208169384,1.1398907103825138,-0.774863387978142,6.306010928961749,0.00974025974025974,0.0
high/IMG_2522-_jpg,0.1174199253462529,-0.10885355436542277,0.22627347971167566,0.8762074938213286,0.3317332545602245,4.204830917874396,-1.7140096618357488,10.485024154589372,0.06588447653429604,0.0
high/IMG_3827-_jpg,0.17324719652618636,-0.4205705509573172,0.5938177474835036,0.8205211832621245,0.36034384298638455,5.5619266055045875,-2.0561926605504586,9.060779816513762,0.05010893246187364,0.0
high/IMG_2918_jpg,0.8218010889313752,0.25729021940918284,0.5645108695221923,0.8070956621660442,0.41490614167048206,-0.12433155080213903,3.1377005347593583,8.13903743315508,0.14416475972540047,0.0
high/IMG_8607_jpg,-0.29065160727220807,0.3760395514441903,-0.6666911587163984,0.8910082982835057,0.44700985236426793,-2.620614035087719,0.02412280701754386,7.9605263157894735,0.02040816326530612,0.0
high/IMG_6773_jpg,0.5174519876659028,-0.17070216480032308,0.6881541524662259,0.7314327536332903,0.46873526764668066,2.388121546961326,3.6740331491712706,5.946132596685083,0.09612983770287141,0.017639077340569877
high/IMG_8552_jpg,0.260718423563034,-0.024739444173960123,0.2854578677369941,0.8378304142700187,0.4618881903906601,-2.129511677282378,-0.6507430997876857,8.105095541401274,0.03186022610483042,0.004228329809725159
high/IMG_8587_jpg,-0.14980535994901656,-0.2572902194091826,0.10748485946016606,0.8195627423004309,0.36902670638254537,2.511458333333333,-3.5989583333333335,9.777083333333334,0.021406727828746176,0.0
high/IMG_6905_jpg,0.2645467674452665,0.2622381082439744,0.002308659201292085,0.718725635166017,0.3866492064976772,-4.0625724217844725,2.4611819235225956,10.057937427578215,0.07995735607675906,0.0
high/IMG_2641_jpg,0.22870145626264282,-0.2943993856701219,0.5231008419327647,0.8307802381258141,0.2504313021875647,7.247115384615385,2.542307692307692,11.449038461538462,0.013282732447817837,0.022556390977443608
high/IMG_8611_jpg,0.10480830493245197,0.29192544125272635,-0.18711713632027438,0.8506950680699737,0.4782525142527705,-2.3661087866108788,0.8797071129707112,6.657949790794979,0.008298755186721992,0.0
high/IMG_6791_jpg,0.26525663907723906,-0.153384553878551,0.41864119295579005,0.7856326763781777,0.3283999639021749,5.329954954954955,5.536036036036036,5.4808558558558556,0.0,0.03791982665222102
high/IMG_7322_jpg,0.06907509509842336,0.6382776596881643,-0.569202564589741,0.754502279029739,0.38412261741010023,0.2157190635451505,1.882943143812709,6.760869565217392,0.32122587968217936,0.001669449081803005
high/IMG_6900_jpg,0.4931258703336461,-0.03463522184354395,0.52776109217719,0.8247286061794286,0.48367604101036715,0.5227743271221532,2.099378881987578,7.346790890269151,0.05386875612144956,0.014285714285714285
high/IMG_7323_jpg,-0.3284077099982978,0.37109166260939785,-0.6994993726076957,0.8569067006221448,0.3825870267246421,-0.4407826982492276,4.105046343975284,9.897013388259527,0.007157464212678937,0.012207527975584944
high/IMG_7024_jpg,0.009772761278217912,0.11874933203500726,-0.10897657075678935,0.8255960131100436,0.5146057260901843,-2.0430733410942956,-1.1455180442374855,6.9790454016298025,0.03374578177727784,0.0
high/IMG_8577_jpg,0.45717397370889823,0.05937466601750385,0.3977993076913944,0.8403616276261773,0.4606249154605708,-2.4342235410484667,-0.35410484668644904,6.4777448071216615,0.0,0.038058991436726926
high/IMG_7350_jpg,-0.09585978870535505,0.1039056655306313,-0.19976545423598635,0.67675667263248,0.3303603424248457,-3.6700680272108843,2.8435374149659864,8.238095238095237,0.2442159383033419,0.016722408026755852
high/IMG_8560_jpg,-0.8731598049344305,0.11874933203500726,-0.9919091369694377,0.8689527880318633,0.5403937780269058,1.288888888888889,1.776608187134503,5.266666666666667,0.0,0.0034965034965034965
high/IMG_2969_jpg,0.6514304762244045,0.38346138469637747,0.26796909152802706,0.7690153785575219,0.38959925708979215,1.856020942408377,-1.9476439790575917,8.047120418848168,0.140607424071991,0.0
high/IMG_6868-_jpg,0.589854627067723,0.09895777669583916,0.4908968503718838,0.8667087482448117,0.4344392666796886,0.5010615711252654,-0.16985138004246284,8.401273885350319,0.004228329809725159,0.0
high/IMG_2675_jpg,0.0063239818234355205,0.26718599707876645,-0.2608620152553309,0.7365806680521061,0.3723425458410842,-0.3333333333333333,-2.489308176100629,9.569811320754717,0.08410138248847926,0.0
high/IMG_3684-_jpg,-0.7340893450182675,-0.26718599707876645,-0.46690334793950106,0.7745489315706328,0.40406869383232796,1.9549436795994994,-2.230287859824781,9.246558197747184,0.19536757301107754,0.0
high/IMG_3858-_jpg,0.9762031919820451,0.3315085519310621,0.644694640050983,0.8505500063219118,0.44330358681046067,-0.21552723059096177,3.9049826187717267,7.4785631517960605,0.0,0.0023121387283236996
high/IMG_8606_jpg,1.1406057403427106,0.7421833252187962,0.3984224151239144,0.8063513942218284,0.3271430163861331,-1.5140086206896552,5.830818965517241,16.521551724137932,0.05209397344228805,0.0
high/IMG_7276_jpg,0.057443526775995846,-0.14843666504375896,0.2058801918197548,0.81739355172191,0.3420138888888889,3.848722986247544,1.8516699410609037,10.350687622789783,0.008763388510223954,0.0
high/IMG_3570_jpg,0.6811169641337442,1.1009052657412135,-0.41978830160746927,0.0,0.03629380109271659,48.717161016949156,77.31461864406779,30.777542372881356,0.25257323832145684,0.0
high/IMG_8633_jpg,-0.3394262408315618,0.2523423305743906,-0.5917685714059524,0.7621332602138744,0.4174571205821206,0.6169527896995708,4.184549356223176,8.61266094420601,0.022035676810073453,0.012711864406779662
high/IMG_8593_jpg,-0.22220523644971157,0.31666488542668625,-0.5388701218763978,0.8057892628205128,0.5043494085532302,-1.41086186540732,3.7768595041322315,7.301062573789847,0.00819672131147541,0.01853997682502897
high/IMG_7309_jpg,-0.2739720266156831,0.05442677718271138,-0.3283988037983945,0.8467079646017699,0.46545087398245727,-1.9871106337271751,-1.4156820622986037,7.230934479054779,0.0064034151547491995,0.0
high/IMG_3693-_jpg,0.4735800845495248,0.12369722086979928,0.34988286367972554,0.8542215111628245,0.4761213204490867,0.6242236024844721,1.0900621118012421,8.797101449275363,0.012269938650306749,0.008213552361396304
high/IMG_7289_jpg,0.27376706328943623,0.10885355436542365,0.16491350892401258,0.8703341265259571,0.3335439979181382,-4.232118758434548,0.21997300944669365,10.022941970310391,0.006702412868632708,0.0
high/IMG_3800-_jpg,1.340227066535252,0.0766922769392755,1.2635347895959765,0.8193222354340072,0.3237227777016847,-2.1507692307692308,7.0605128205128205,13.430769230769231,0.0,0.024024024024024024
high/IMG_3595-_jpg,0.40156396234854563,0.39583110678335753,0.0057328555651881,0.8321098388996067,0.3450131366208569,-4.226487523992322,2.4222648752399234,9.873320537428024,0.01975540921919097,0.0
high/IMG_3792-_jpg,0.7706852885410851,0.3562479961050218,0.4144372924360633,0.867931569311145,0.40369247726646457,-2.6418786692759295,1.2328767123287672,8.373776908023483,0.0210727969348659,0.0
high/IMG_3552_jpg,0.028514877312148634,-0.039583110678335975,0.06809798799048461,0.6980454153492383,0.3654094827586207,1.0832137733142038,4.137733142037303,8.6987087517934,0.21064552661381652,0.0
high/IMG_6907_jpg,0.6252472875673414,0.6283818820185805,-0.003134594451239092,0.8475849779243577,0.3691573645922304,-5.105882352941176,1.8741176470588234,9.907058823529411,0.0196078431372549,0.0
high/IMG_2739-_jpg,1.0441991841920895,0.3958311067833584,0.648368077408731,0.8410917397531039,0.3583223770707336,-4.770139634801289,-2.3813104189044036,10.081632653061224,0.008519701810436636,0.0042780748663101605
high/gummy30_JPG,0.38262676095363646,-0.5195283276531568,0.9021550886067933,0.7344770056579139,0.3094370410660865,0.685370741482966,-0.9458917835671342,8.889779559118237,0.023483365949119372,0.04038461538461539
high/IMG_3866-_jpg,0.09799599221004385,-0.2770817747483505,0.37507776695839434,0.6619919862621637,0.3555309598475066,0.03413400758533502,-3.5297092288242733,12.489254108723136,0.08554913294797688,0.0
high/IMG_6488-_jpg,0.21203528042654796,0.20286344222647035,0.009171838200077609,0.8929412318704087,0.4152889069209183,-2.6014851485148514,-1.6967821782178218,7.459158415841584,0.0,0.018226002430133656
high/IMG_2761-_jpg,0.7415190671844147,0.2721338859135587,0.46938518127085604,0.8409002253814147,0.3136936712020971,4.666320166320166,4.108108108108108,9.797297297297296,0.009268795056642637,0.002074688796680498
high/IMG_6931_jpg,0.28975405825842326,0.11380144320021568,0.17595261505820758,0.8941637473364874,0.41695648813664116,0.8402010050251256,2.2814070351758793,9.825125628140704,0.01873767258382643,0.0
high/IMG_6703_jpg,-0.17177480574588389,0.16822822038292706,-0.34000302612881095,0.8601649336679813,0.4847605224963715,0.16666666666666666,2.625,6.849206349206349,0.0,0.0
high/IMG_8579_jpg,-1.535708616847363,0.1929676645568854,-1.7286762814042484,0.8862568575045716,0.33483500717360115,-1.4549356223175967,1.9581545064377683,7.256437768240343,0.01166489925768823,0.0032085561497326204
high/IMG_6617-_jpg,0.3987266212252565,-0.1781239980525111,0.5768506192777676,0.9185545262771714,0.5614787200994098,-0.3242392444910808,-0.5823714585519413,5.855194123819517,0.0,0.0041797283176593526
high/IMG_7280_jpg,0.23905799123629934,0.3661437737746059,-0.12708578253830655,0.6871658713357971,0.3762552139657037,-5.17877094972067,2.6885474860335195,9.462290502793296,0.1278928136419001,0.012413793103448275
high/IMG_2862_jpg,0.028074740829583167,0.3117169965918949,-0.2836422557623117,0.8298096714354687,0.33851934169444886,1.4994617868675997,-0.15285252960172227,10.694294940796555,0.06256306760847628,0.0
high/IMG_2773_jpg,0.6067908468014869,-0.04453099951312778,0.6513218463146146,0.8689544405736778,0.42269876906402415,-2.436605316973415,-0.9723926380368099,9.478527607361963,0.006097560975609756,0.0030581039755351682
high/IMG_8609_jpg,0.6810981700727936,0.20781133106126326,0.47328683901153035,0.9149388872225555,0.509788697243636,-2.655042412818096,-0.1875589066918002,6.2714420358152685,0.0,0.018501387604070305
high/IMG_7314_jpg,-0.107769370984788,0.3463522184354386,-0.4541215894202266,0.8386227284583949,0.3790258116087775,-6.306862745098039,2.1176470588235294,9.85,0.013539651837524178,0.0
high/IMG_6545-_jpg,0.20339052499079724,0.1781239980525111,0.025266526938286127,0.830098702450926,0.3981817064930278,-2.0377358490566038,4.774764150943396,10.288915094339623,0.0,0.030857142857142857
high/IMG_7036_jpg,-0.4378137297977691,0.6927044368708763,-1.1305181666686455,0.8775470323852836,0.3427165404523318,-3.1900739176346358,5.681098204857444,12.66209081309398,0.007337526205450734,0.009414225941422594
high/IMG_2736-_jpg,0.37259086303056255,-0.7471312140535868,1.1197220770841494,0.7673909763090387,0.27439459197353033,9.085280373831775,-3.30607476635514,14.272196261682243,0.0228310502283105,0.020594965675057208
high/IMG_2947_jpg,0.4666057403427111,-0.23749866407001408,0.7041044044127251,0.8630888179929381,0.38798264988424386,2.1816367265469063,-1.2624750499001995,8.078842315369261,0.032818532818532815,0.0
high/IMG_2821_jpg,1.126314721354694,0.08411411019146353,1.0422006111632305,0.8634182802541337,0.29605584003901486,5.2441471571906355,1.5373467112597548,11.002229654403568,0.015367727771679473,0.0
high/IMG_7278_jpg,-0.04341403537938371,0.16822822038292795,-0.21164225576231166,0.867671166483728,0.44645454545454544,-2.179738562091503,0.8278867102396514,7.761437908496732,0.021321961620469083,0.0
high/IMG_3785-_jpg,0.45245519587702354,-0.40572688445294114,0.8581820803299647,0.7958761932668137,0.3873687833419377,3.1131664853101197,-5.808487486398259,10.35582154515778,0.0846613545816733,0.0
high/IMG_7352_jpg,-0.6466589143144401,0.6580692150273322,-1.3047281293417723,0.7016474787264141,0.32546932090210406,-5.906810035842294,7.992831541218638,14.750298685782557,0.014134275618374558,0.0047562425683709865
high/IMG_6748_jpg,0.5774861953901511,0.12369722086979928,0.45378897452035183,0.8693384805540035,0.5240672354514199,-1.5492063492063493,0.6148148148148148,6.098412698412698,0.012539184952978056,0.006309148264984227
high/IMG_3160_jpg,0.5258262083734112,0.3908832179485656,0.1349429904248456,0.7238685606575853,0.3486366019926586,-1.1764141898370086,6.920421860019175,11.01150527325024,0.0,0.021575984990619138
high/IMG_6726_jpg,0.173323981823436,0.9104115456017227,-0.7370875637782867,0.7575677032574348,0.4105220617950696,-2.429512516469038,1.66798418972332,8.123847167325428,0.18034557235421167,0.0
high/IMG_7291_jpg,-0.43970817153736785,-0.24739444173959857,-0.19231372979776928,0.8142838919539497,0.2757155635062612,12.441147378832838,5.026706231454006,16.07517309594461,0.004921259842519685,0.0068762278978389
high/gummy15_JPG,0.01378184956043027,0.11874933203500726,-0.10496748247457699,0.8414820260891844,0.34210719619989716,0.7267267267267268,0.09109109109109109,9.618618618618619,0.006958250497017893,0.0
high/IMG_2910_jpg,1.5287315196352027,0.0,1.5287315196352027,0.8419125435012861,0.41093716945208375,0.13002364066193853,-6.243498817966903,8.650118203309693,0.053691275167785234,0.0
high/IMG_2711-_jpg,1.2625005818717272,-0.3933571623659611,1.6558577442376883,0.7913001117574576,0.2606171201061712,7.112432432432432,-1.598918918918919,9.827027027027027,0.04145077720207254,0.0010799136069114472
high/IMG_2456_jpeg,0.04786985864871207,0.14348877620896783,-0.09561891756025576,0.7709265676423982,0.2734337368742173,6.037383177570093,-5.468624833110814,12.264352469959947,0.14302059496567507,0.0
high/IMG_6399-_jpg,-0.4974354102591505,-0.4205705509573159,-0.07686485930183462,0.9242324029572144,0.4199463714211573,3.9296536796536796,-1.5454545454545454,7.074675324675325,0.031446540880503145,0.0
high/IMG_6764_jpg,0.5769583130469893,0.13854088737417514,0.43841742567281416,0.8490166288000223,0.46590230799840826,0.916083916083916,0.4075924075924076,7.321678321678322,0.043021032504780114,0.00891089108910891
high/IMG_8554_jpg,0.4557567301183947,0.10390566553063163,0.35185106458776305,0.8243304265802334,0.22603304811069466,-8.462226640159045,-2.899602385685885,9.274353876739562,0.004945598417408506,0.001984126984126984
high/IMG_7285_jpg,-0.5118399219421059,0.02473944417395968,-0.5365793661160656,0.8755036323755891,0.4892074584462659,1.9517684887459807,-0.5101822079314041,6.532690246516613,0.02405857740585774,0.0
